{"cameraMode":{"drawMode":0,"name":"Shaded","section":"Shading Mode"},"sceneLighting":true,"audioPlay":false,"sceneViewState":{"showFog":true,"showMaterialUpdate":false,"showSkybox":true,"showFlares":true,"showImageEffects":true,"showParticleSystems":true},"in2DMode":false,"pivot":{"x":2.214592933654785,"y":-2.045377254486084,"z":5.464752197265625},"rotation":{"x":0.11532191187143326,"y":-0.0625411719083786,"z":0.007275519426912069,"w":0.991331934928894},"size":17.007577896118165,"orthographic":false}